arbol;cuadrante;sp;x;y;dbh;H
400;16;Pinus pinea;-2.851656839;-20.29059273;28.75;9
402;12;Quercus ilex;1.36755895;-3.221766987;8.75;4.7
403;12;Quercus ilex;0;-2.94;8.3;4.5
404;12;Quercus faginea;2.595;-4.494671846;10.55;5.5
405;12;Quercus ilex;0.179732408;-5.146862759;9.3;5.1
406;12;Quercus ilex;-2.075055665;-4.449971234;7.8;3.7
408;12;Quercus ilex;-2.629305232;-1.91030207;9.5;4.8
409;12;Quercus ilex;-1.148532405;-2.354840401;10.05;4.8
410;12;Quercus ilex;-3.936354174;-4.528257481;12;4.6
411;12;Quercus ilex;-6.535784965;-5.681471191;8.65;3.8
412;12;Quercus ilex;10.62453367;4.730347159;11.8;5.1
413;12;Quercus faginea;7.617921682;-8.169220847;10.95;4.3
414;12;Quercus faginea;9.295505548;-8.668199156;9.9;3
416;12;Quercus faginea;9.577264573;-8.325389078;12.1;4.6
417;12;Quercus faginea;9.305953684;-5.158374359;11.1;3.8
419;12;Quercus faginea;9.048562709;-3.840886993;11.9;4.8
420;12;Quercus faginea;8.714692742;-4.633684325;9.9;4.8
421;12;Quercus faginea;10.69489514;-1.50306949;7.5;3.8
422;12;Pinus pinea;15.9195451;-8.464572277;28.8;7.7
424;12;Quercus ilex;13.16213508;-11.44166947;8.15;4.1
425;12;Quercus ilex;1.093900574;7.78350702;6.55;3.2
426;12;Quercus ilex;3.774462701;8.892076884;12.65;4.4
427;12;Pinus pinea;6.945;12.02909286;30.15;9.4
429;12;Pinus pinea;9.766896689;10.11391759;21.05;8.1
431;12;Juniperus thurifera;8.880826872;6.692183058;8.65;4.1
432;11;Pinus pinea;8.961918068;4.765136362;33.9;9.1
433;12;Pinus pinea;-6.512069862;-2.370199593;28.8;9.5
435;12;Quercus ilex;-5.563103127;-2.247639561;13.9;5.9
436;12;Quercus ilex;-2.052725823;0.871330417;9.8;5.2
437;12;Quercus ilex;-1.807301908;1.21904053;12;5.3
438;12;Quercus ilex;-4.174896807;4.3232322;9.2;4.4
440;12;Quercus ilex;-4.577798661;4.740449284;10.85;3.8
442;12;Quercus ilex;-4.884653426;5.424957226;8.55;3.8
443;12;Juniperus thurifera;11.34425537;15.61402799;7.05;4
445;12;Juniperus thurifera;18.33048604;-3.896265086;11.45;3.9
446;12;Juniperus thurifera;18.54455046;-0.971878707;8.6;4
447;12;Pinus pinea;20.47674305;3.980275644;37.55;10.2
448;8;Quercus ilex;;;10;
449;8;Quercus faginea;-1.461650383;-4.498497322;11.45;4.3
450;8;Quercus faginea;-1.699465766;-4.935606965;10.2;3.9
451;8;Quercus ilex;-4.603306698;-3.344498086;9.35;4.8
452;8;Quercus ilex;;;8.1;5
453;8;Quercus faginea;10.67036043;5.914677367;9.25;4.7
454;8;Quercus faginea;11.65470105;4.708804879;11.1;4.8
455;8;Quercus faginea;-6.964101648;-5.247827002;9.95;4.7
456;8;Quercus ilex;-5.778660611;-6.886739544;9;4.4
457;8;Quercus ilex;-6.349148494;-8.425604631;8.55;4.3
458;8;Quercus ilex;-7.492597038;-9.9430121;8.8;4.4
460;8;Quercus ilex;-5.164395159;-11.07508116;8.85;4.2
461;8;Quercus ilex;10.04503908;1.771211412;9.15;3.7
462;8;Quercus ilex;12.85367953;1.806466851;11.3;3.5
463;8;Pinus pinea;3.541759729;-4.220904882;21;6.3
464;8;Quercus ilex;8.598275728;-3.300568815;8;3.8
465;8;Quercus ilex;6.992992808;-6.296519006;8.45;3.8
466;8;Quercus faginea;6.507741682;-1.866064899;8.7;3.1
467;8;Quercus faginea;5.438214596;1.057081834;7.7;2.6
468;8;Quercus faginea;10.96595662;-13.0687182;8.75;4.5
470;7;Pinus pinea;2.286769053;-3.805822815;28.15;6.9
474;8;Quercus faginea;-2.408720396;5.961792185;8.85;4
475;8;Quercus faginea;1.265969481;4.140799593;9.05;5
476;8;Quercus faginea;0.926913776;0.777773008;9.6;4
477;8;Quercus faginea;2.766766298;4.260446485;8.85;4.4
478;8;Pinus pinea;3.094590538;7.290398439;41.9;10.2
479;8;Quercus faginea;4.11118558;7.416775117;10.2;4.1
481;8;Quercus faginea;-1.117336622;12.77121603;7.7;3.1
482;8;Quercus faginea;2.177548148;12.34948922;8.45;4
483;8;Quercus ilex;-0.881337503;-16.81692137;8.25;3.7
484;8;Quercus ilex;-2.382496903;-15.04249343;8.7;3.5
485;8;Quercus faginea;-3.144532244;-16.17721598;9.65;4.1
486;8;Quercus faginea;-3.693696312;-15.99915646;8.15;3.4
487;8;Pinus pinea;6.248708019;-17.16818418;39.5;8.2
488;8;Pinus pinea;4.145585832;-14.45737591;19.85;8.3
489;8;Quercus faginea;3.483841319;-8.622809848;10.55;3.7
490;8;Pinus pinea;9.033767834;-15.03471445;24.25;8.6
491;8;Pinus pinea;7.962622692;-12.2613637;34;8.9
492;8;Pinus pinea;4.661422363;-10.9816229;27.65;8
493;8;Quercus faginea;3.896540373;-8.356157797;11.05;4.5
494;8;Quercus faginea;1.53311634;-12.48623059;8.65;4.3
495;8;Quercus faginea;-1.034831786;-9.845766764;12.75;4.5
496;8;Quercus faginea;-3.504838547;-9.130416571;8.65;2.9
497;4;Pinus pinea;0.507052679;-2.875638639;13.15;5.1
498;4;Pinus pinea;-1.066267998;-4.618514107;45.2;10.9
499;4;Pinus pinea;-4.073951173;-6.780193349;10.85;3.9
500;4;Quercus faginea;-5.858972841;-7.235228901;10.5;4.3
502;4;Pinus pinea;-8.725246207;-7.321350874;33.1;9
503;4;Quercus faginea;-6.567907163;-12.35243682;8.95;4.4
504;4;Pinus pinea;1.977678525;18.81635426;31.95;9.1
506;4;Quercus ilex;3.594841473;18.49385614;9.5;3.5
507;8;Pinus pinea;-6.385;11.05914441;44.9;11.6
508;4;Pinus pinea;-6.925501776;7.691548944;14.95;6
510;12;Quercus ilex;9.702393792;-10.77559997;8.1;4.4
512;4;Quercus faginea;3.132534448;-6.147945017;11.75;4.3
512;4;Quercus faginea;2.962554015;-6.353217587;12.15;4.9
513;4;Pinus pinea;-3.745821104;2.250716387;40.55;10.5
514;4;Quercus faginea;-8.005901258;0.841454129;9.25;4.4
515;4;Juniperus thurifera;-9.307227264;0.487771112;6.65;4.5
517;4;Juniperus thurifera;9.051021033;14.48466148;5.55;3.6
518;4;Juniperus thurifera;9.410410606;11.21489065;8.3;4.2
519;4;Pinus pinea;8.189114147;9.759406205;15.05;5.5
520;4;Pinus pinea;12.41032069;9.01662577;38.45;8.9
521;3;Juniperus thurifera;8.156531948;2.968734844;7.15;4.1
522;4;Pinus pinea;1.633917105;2.516011704;39.15;9.6
523;4;Quercus faginea;-1.597617861;4.916962189;9.9;5
524;4;Pinus pinea;-1.368100497;7.038266905;32.95;8.2
525;4;Quercus faginea;1.185352774;11.27787829;6;3.4
526;4;Pinus pinea;-1.703733421;13.8757952;17.15;6.1
527;4;Pinus pinea;-3.821918413;16.5545474;13.3;5
528;4;Quercus faginea;-2.762632653;17.4425761;9.45;4
529;4;Pinus pinea;-0.926869785;17.68572906;27.65;8.6
530;4;Quercus ilex;-4.790053533;19.21185538;8.7;4.3
531;4;Quercus ilex;8.843586211;-1.08585585;7.95;4.1
532;4;Quercus faginea;3.483836992;0.427761395;10;3.4
533;4;Quercus faginea;2.976260173;-1.202487165;7.95;4.8
534;4;Quercus faginea;-0.278714931;15.96756769;10.15;4.1
537;4;Quercus faginea;-0.845749053;16.13785328;8.9;5.1
538;14;Pinus pinea;-11.58280991;8.11037081;20.1;6.2
539;14;Pinus pinea;-4.765042053;-14.66529148;23.6;7.4
541;14;Pinus pinea;0;-18.47;32.5;9.2
543;14;Pinus pinea;3.184207534;8.7485383;38.5;11.1
544;14;Quercus faginea;0.264753006;15.16768954;11.9;5.2
548;14;Pinus pinea;2.351890424;22.37674265;19.75;7.3
549;14;Quercus faginea;0.885907217;12.66906344;9.45;3.8
550;14;Pinus pinea;-1.83654062;11.59546112;29.95;8.4
551;11;Pinus pinea;7.80058679;-14.07263109;49.35;10.7
2686;1;Juniperus thurifera;1.650630543;4.793779178;6.9;4
2687;1;Juniperus thurifera;2.356108705;5.550644266;6.65;3.6
2688;1;Pinus pinea;0.457602468;6.54402017;35.05;10.1
2689;1;Pinus pinea;10.47101016;12.47886398;39.75;8.8
2690;1;Juniperus thurifera;7.387201894;8.204318873;8.2;4.1
2691;1;Juniperus thurifera;-2.183601534;0.268112556;8.05;5.2
2693;1;Quercus faginea;-1.000170749;0.140564832;6.2;3.8
2694;1;Juniperus thurifera;-1.901314692;0.267212354;9.15;4.5
2695;1;Juniperus thurifera;-1.817280355;0.734228923;7.1;4.8
2696;1;Quercus faginea;-6.657177555;4.159866224;6.5;2.6
2697;1;Quercus faginea;-8.186440459;4.537818046;7.5;3.3
2698;1;Pinus pinea;-11.501774;9.998339602;36.7;10.3
2699;1;Pinus pinea;-13.65805835;6.368857204;31.65;7.4
2700;1;Quercus faginea;-4.285349174;9.189960961;4.05;3.6
2701;1;Quercus faginea;-5.190314378;10.64172151;6.7;4.1
2702;1;Quercus faginea;-2.775896011;12.0237266;4.95;3.8
2703;1;Juniperus thurifera;-6.338343561;15.68795082;7.2;4.2
2704;1;Quercus faginea;-2.484179305;15.68449085;10.6;3.9
2705;1;Pinus pinea;1.609766569;18.39971607;35.7;10.2
2706;1;Pinus pinea;6.201840506;21.62838816;14.4;5.9
2707;1;Quercus faginea;12.85076822;5.192047385;9.9;8.2
2708;1;Pinus pinea;-18.4727595;14.9589457;32.9;9
2709;1;Pinus pinea;-2.368807717;-2.368807717;5.6;2.8
2710;1;Juniperus thurifera;-0.805727544;-4.569507974;5.2;4.2
2711;1;Pinus pinea;0.93716701;-3.268289766;10.45;4.3
2712;5;Pinus pinea;2.136189508;7.449778144;34;10
2713;5;Quercus faginea;1.087096018;10.34302771;6.85;3.5
2714;5;Pinus pinea;-2.85462888;12.36475612;28.6;9
2715;5;Pinus pinea;0.566069837;16.21011921;6.4;3.5
2716;6;Pinus pinea;-4.659216672;-2.69;43.35;11.8
2717;6;Pinus pinea;-11.71821499;-0.204542203;12.9;5.2
2718;6;Pinus pinea;-14.16540951;0.990541927;16.85;5.9
2719;5;Pinus pinea;-13.08185815;-9.160015689;42.65;9.9
2720;5;Pinus pinea;4.266867548;-3.580326986;31.55;8.7
2721;5;Pinus pinea;11.0873113;8.662356958;21.9;6.5
2722;5;Quercus faginea;18.23269815;11.84045262;14.75;4.9
2723;5;Pinus pinea;10.54009417;16.86767663;37.25;10
2724;5;Pinus pinea;5.404188679;14.07839283;37.5;9.3
2725;5;Quercus faginea;6.269229227;17.22456574;9.2;4.7
2726;5;Pinus pinea;3.905886918;-8.008254953;39.15;10.4
2727;9;Pinus pinea;11.87037696;-13.1833892;6.8;3.1
2728;9;Pinus pinea;11.87037696;-13.1833892;7.7;3.1
2729;9;Juniperus thurifera;7.588887442;-10.07079378;7.9;6.1
2730;9;Juniperus thurifera;7.892780114;-10.10229786;5.7;4.5
2731;9;Pinus pinea;5.970930702;-8.527372781;11.6;4.2
2732;9;Pinus pinea;10.19823411;-6.622810666;15.35;4.9
2733;9;Pinus pinea;9.503409689;7.424877392;31;9.2
2734;9;Quercus faginea;3.864330861;9.103793001;7.1;3.1
2735;9;Quercus faginea;10.67425748;15.24441954;7.4;3.2
2736;9;Quercus faginea;-12.2446759;6.787334683;8.45;3.7
2737;9;Quercus faginea;-12.00185788;6.115252032;7.4;3.4
2738;9;Juniperus thurifera;-13.20889599;7.023294579;7.8;3.5
2739;9;Pinus pinea;-17.42994656;6.690729618;18.7;9.5
2740;9;Quercus faginea;14.15592666;-1.238483104;11.05;4.5
2741;9;Quercus faginea;13.62794347;-1.192290561;11.9;4.8
2742;9;Quercus faginea;15.67280476;-7.98569289;7.75;3.6
2743;9;Pinus pinea;8.159808886;1.146786352;42.7;10.7
2744;9;Quercus faginea;12.34306105;0.646872419;9.5;3.1
2745;9;Juniperus thurifera;12.98041692;1.135639328;7;4.1
2746;9;Juniperus thurifera;12.91068329;1.129538426;8.9;4.8
2747;9;Quercus faginea;-7.509474016;-7.509474016;6.9;3.3
2748;9;Quercus faginea;-5.647462318;-6.272142327;9.5;3.4
2749;9;Quercus faginea;-4.400683403;-6.776458189;8.2;4.1
2750;9;Pinus pinea;-1.499043291;-7.052444201;42.75;11
2751;9;Quercus faginea;-0.90939763;-8.65234049;6.2;3.5
2752;13;Pinus pinea;1.085986837;2.439166372;27.05;8.3
2753;13;Pinus pinea;-1.472680367;5.496117952;39.95;10.7
2754;13;Quercus faginea;5.899485132;8.746346391;10.8;4.6
2755;13;Pinus pinea;5.756199012;15.81502681;43;8.9
2756;13;Quercus faginea;8.999350234;-7.287530128;7.75;4.8
2757;13;Pinus pinea;3.112777768;-2.179590458;35.9;10.1
2758;13;Pinus pinea;7.976065601;0.838318275;39.1;9.7
2759;13;Quercus faginea;7.960343041;-2.586472243;7;3.2
2760;13;Pinus pinea;-15.99901038;8.506824718;38.7;10.3
2761;13;Pinus pinea;-3.477917783;3.131531238;38.4;9.9
2762;13;Pinus pinea;0.754014122;-4.760657802;41.1;10.5
2763;14;Pinus pinea;-3.937380922;1.753034932;9.35;4.9
2764;14;Pinus pinea;-5.827898307;-0.612536795;35.95;10.2
2765;14;Pinus pinea;5.353687127;5.741126558;32.2;9.6
2766;14;Pinus pinea;-2.345531353;5.030008218;35.9;10.8
2767;14;Pinus pinea;-3.774516048;8.477701847;23.65;9.9
2768;14;Pinus pinea;-4.533354562;11.8097924;27.85;9.4
2769;14;Pinus pinea;-7.389482398;13.89759511;38.05;11.2
2770;14;Quercus faginea;6.354654666;-5.524017024;9.65;4.7
2771;14;Quercus faginea;8.14305243;-6.832832291;9.55;3.9
2772;14;Pinus pinea;9.588736387;-4.471301209;12.9;5.5
2773;14;Pinus pinea;1.654477025;-0.291728939;19.95;6
2774;10;Pinus pinea;4.527098968;-13.93297796;46.85;10.4
2775;15;Quercus faginea;-24.66597512;-7.07285455;8.05;4.1
2776;14;Pinus pinea;-15.68880105;15.15049906;25.45;8.7
2777;14;Quercus ilex;-1.576906891;-6.830334154;7.5;3.1
2778;14;Quercus ilex;0.664998317;-7.600965546;6.9;3.1
2779;14;Quercus ilex;2.592277626;-6.416112274;6.95;3.7
2780;14;Quercus ilex;2.611249249;-5.864961838;3.05;3.3
2781;14;Pinus pinea;4.094862227;-9.646890864;29.1;9.9
2783;9;Pinus pinea;-10.41271191;-7.023462868;19.1;7
2784;10;Juniperus thurifera;-14.47151105;-7.694638914;7.75;3.9
2785;10;Juniperus thurifera;-13.95166926;-8.055;5.85;3.6
2786;10;Pinus pinea;-3.949214804;10.2880563;37.75;11.1
2787;10;Pinus pinea;5.585006825;10.07561903;39.8;9.4
2788;10;Pinus pinea;-7.96878613;0.139095679;31.35;8.4
2789;10;Pinus pinea;-10.83186843;9.089016801;42.75;11.4
2790;10;Pinus pinea;0.235776881;-3.37176649;21.45;7.9
2791;10;Pinus pinea;-4.480463878;-12.30997333;7.9;3.8
2792;10;Pinus pinea;-8.678172634;-11.51632406;41;9.7
2793;10;Pinus pinea;-11.97206314;-10.77969407;41.9;9.8
2794;10;Pinus pinea;6.143371094;-5.728786225;34.85;9.7
2795;11;Quercus ilex;9.335804265;-3.583679496;6.25;2.9
2796;10;Pinus pinea;13.63493993;-4.96271228;12.6;4.9
2797;6;Quercus faginea;-1.576021507;1.231322951;10.05;4.4
2798;6;Quercus faginea;6.986913791;-13.71259041;12.4;3.8
2799;6;Quercus faginea;6.170226621;-13.23209369;8.8;4
2800;6;Pinus pinea;2.807998648;-17.72900571;11.55;4.3
2801;6;Quercus faginea;2.775111633;-19.74594529;9.4;3.8
2802;6;Pinus pinea;-1.083219909;5.096149;13.95;5.2
2803;6;Pinus pinea;2.894192236;10.09324781;15.9;5.5
2804;6;Pinus pinea;0.241541305;13.8378921;43.35;11.4
2805;6;Juniperus thurifera;-8.439785344;-18.95606825;8.55;4.47
2806;6;Pinus pinea;-5.440243861;-15.7996154;14.75;5.4
2807;6;Quercus faginea;-14.09277304;-20.12656573;9.8;4.2
2808;6;Pinus pinea;4.188816732;-3.392036908;26.2;7.5
2809;6;Quercus faginea;2.962937742;-2.232733736;9.7;4.9
2810;6;Juniperus thurifera;1.955622914;0.309740241;8.25;4.9
2811;6;Pinus pinea;-15.45877686;-12.97145396;18.6;6.2
2812;6;Quercus faginea;-10.00308054;-10.35849313;7.25;3.1
2813;6;Pinus pinea;-8.320379993;-8.92251516;36.7;8.8
2814;6;Quercus faginea;-8.191371087;-12.61360534;10.9;4.6
2815;6;Pinus pinea;-4.547372496;-9.751871789;11.2;4.8
2816;7;Juniperus thurifera;-12.06034392;-7.246585714;7.3;4.7
2817;6;Quercus faginea;-4.57419795;-6.781527344;8.65;3.1
2818;6;Quercus faginea;-0.648750584;-3.337532424;8.35;4.2
2819;6;Pinus pinea;1.004213467;-4.724452912;38.25;10.2
2820;6;Quercus faginea;4.624815599;-9.482277189;9.2;3.6
2821;6;Quercus faginea;-0.188660514;-10.80835359;8.1;2.9
2822;6;Pinus pinea;1.075501866;-12.29304257;14.45;5.8
2823;6;Pinus pinea;-2.154102584;-13.60046845;30.9;7.6
2824;2;Pinus pinea;-3.961672601;5.452774542;7.65;3.6
2825;2;Quercus faginea;-5.75;0;13.3;5
2826;1;Pinus pinea;-0.787157736;-0.436328658;8.4;4.1
2827;2;Pinus pinea;-9.688524166;0.169113818;17.05;6.2
2828;2;Quercus faginea;-10.90320103;2.517202298;12.9;4.8
2829;2;Pinus pinea;-11.39792475;-3.054064732;18.3;6.4
2830;2;Quercus faginea;-15.30188642;-6.812838772;12;3.6
2831;2;Pinus pinea;4.310239988;3.880957517;41.8;10.8
2832;2;Quercus faginea;0.924031615;8.791573555;9.6;5
2833;2;Pinus pinea;-1.182703429;13.51836205;40.45;10
2834;2;Quercus faginea;5.266555861;-7.24879227;11.1;4.3
2835;2;Pinus pinea;4.700175331;-6.237343334;35.85;10.2
2836;2;Quercus ilex;3.412566092;-3.79003861;7.4;4.6
2837;2;Pinus pinea;2.940215484;1.563340304;33.55;9.7
2838;2;Quercus faginea;5.950209898;-1.706195233;9.9;5.1
2839;2;Quercus faginea;7.346123973;-3.906003402;11.15;3.8
2840;2;Quercus faginea;11.02274502;-3.581506965;8.05;4.9
2841;2;Quercus faginea;6.597273394;1.767734078;7.9;3.8
2842;2;Pinus pinea;0;24.85;15.35;5.8
2843;2;Quercus faginea;2.685336221;25.54926749;9.6;4.5
2844;2;Pinus pinea;14.86853502;8.241763544;24.45;7.4
2845;2;Pinus pinea;-2.954621529;-6.057871872;9.95;5.2
2846;2;Quercus faginea;-0.459271233;-3.267884627;9.6;3.9
2847;2;Juniperus thurifera;-0.658529319;-6.265487941;9.55;4.9
2848;2;Quercus faginea;-2.004313894;-8.681637277;9.95;4.5
2849;2;Quercus faginea;-1.747810398;-8.991705;6.9;4.1
2850;2;Juniperus thurifera;-1.129728813;-9.200902826;5.5;4.6
2851;2;Quercus faginea;-0.851906976;-8.105353447;8.9;4.8
2852;2;Pinus pinea;4.297018576;22.10624417;24.8;7.2
2853;2;Quercus faginea;5.446884859;17.8159576;12.45;3.8
2854;2;Pinus pinea;12.71113969;21.15488898;43.05;10
2855;3;Quercus ilex;0.06439938;3.689437995;6.2;3.9
2856;3;Quercus faginea;3.536780598;4.367560303;8.3;3.7
2857;3;Quercus ilex;6.444988566;4.856647237;7.2;3
2858;3;Juniperus thurifera;-5.975408661;-0.417841278;8.3;4.2
2859;2;Quercus faginea;-1.513661333;-0.377398157;7.05;3.5
2860;3;Pinus pinea;-6.214548909;4.03577525;15.9;8
2861;3;Pinus pinea;-6.665248576;1.295593079;32.1;9.7
2862;3;Pinus pinea;-10.87745305;6.535833171;43.65;10.6
2863;3;Juniperus thurifera;-9.670527603;3.907146769;10.6;4.4
2864;3;Juniperus thurifera;1.792049194;-10.16321601;6.75;4.3
2865;3;Quercus faginea;24.98319148;-7.163814878;12.2;5.5
2866;3;Quercus faginea;8.017390841;11.0349918;12.6;3.8
2867;3;Pinus pinea;2.301156484;11.83842383;35.9;10.9
2868;3;Pinus pinea;2.281323476;9.149888699;10.4;4.6
2869;3;Quercus faginea;3.019329143;7.473101868;9.15;4.7
2870;3;Quercus faginea;0.583071919;6.66454253;12.25;5.5
2871;3;Pinus pinea;9.988157056;-5.536525863;37.95;12.1
2872;3;Quercus faginea;10.80790914;-5.506904762;9.15;4
2873;3;Pinus pinea;14.38170216;3.320277562;41.95;11
2874;3;Pinus pinea;4.699227321;1.618073728;10.2;4
2875;7;Pinus pinea;13.63614381;-14.12064028;19.75;6.4
2876;7;Pinus pinea;8.080473821;-9.978554145;30.15;8.9
2877;3;Pinus pinea;6.74;-11.67402244;9.2;5
2878;7;Pinus pinea;4.46125758;-4.160189996;44.3;11.6
2879;7;Pinus pinea;19.42057406;-6.310127025;25.3;7.7
2880;7;Pinus pinea;-12.41008234;3.094181045;27.05;8.8
2881;7;Quercus faginea;-8.316621364;2.228431978;8.45;3.9
2882;7;Quercus faginea;-7.058181037;3.912413635;13.7;5.3
2883;7;Quercus faginea;-5.806616879;4.872330081;7.6;3.9
2884;7;Pinus pinea;-3.866968315;-1.970318769;20.55;7.6
2885;7;Quercus faginea;-3.322784842;0.890337515;10.45;4.8
2886;7;Quercus faginea;-3.562353783;1.512129467;10.15;5.1
2887;7;Pinus pinea;-2.706135837;3.225047106;24.5;9.6
2888;7;Pinus pinea;-6.119675065;7.832826891;41.8;10.9
2889;7;Quercus faginea;-13.51438442;10.5585943;10.5;3.8
2890;7;Quercus faginea;-0.422524407;-0.794652834;16.4;4
2891;7;Quercus faginea;-3.415;-5.914953508;8.25;3.5
2892;7;Quercus ilex;-2.634524809;-2.133396126;9.4;3.3
2893;8;Quercus faginea;-3.622793454;-0.444823103;10.8;4.6
2894;8;Quercus ilex;3.959286654;-20.36876406;8.8;3.2
2895;8;Quercus ilex;2.53731973;-20.66481088;7.7;4.1
2896;8;Quercus ilex;3.741912404;-23.62550511;8.35;3.8
2897;8;Pinus pinea;1.922655685;-21.97605504;14.5;7.4
2898;8;Pinus pinea;0;-18.79;16.55;7.1
2899;8;Pinus pinea;0;-21.93;18.2;7.4
2900;8;Quercus ilex;5.548382025;13.07116892;8.5;4.5
2901;8;Quercus ilex;6.036795935;14.22179999;10.95;5
2902;8;Quercus faginea;3.865911892;15.50532571;12.1;4.3
2904;7;Pinus pinea;9.545328641;2.737078943;38.4;10.2
2905;7;Quercus faginea;4.855102222;0.856085516;10.75;4.7
2906;7;Quercus faginea;9.758360805;-1.545572515;13.6;5.2
2907;7;Quercus ilex;12.02016711;-1.90380744;11.15;3.2
2908;7;Quercus ilex;13.76661512;-1.690327793;10.45;3.3
2909;7;Quercus faginea;-9.578461823;-11.01875987;11.25;4.5
2910;7;Quercus faginea;-7.200817765;-6.042203531;13.8;5.6
2911;7;Quercus faginea;-8.81717154;-7.398485388;9.15;4
2912;11;Pinus pinea;7.258138585;7.009102958;37.25;10.4
2913;7;Juniperus thurifera;-2.445;4.234864225;7.3;4
2914;11;Pinus pinea;0.234873613;6.725900266;16.1;6.1
2915;11;Juniperus thurifera;-1.213207939;13.8670302;7.05;4.5
2916;11;Pinus pinea;-1.739353629;16.54884434;31.2;11.2
2917;11;Quercus faginea;4.477693948;-2.797973715;10.85;4.7
2918;11;Quercus faginea;2.642473986;-1.067628791;16.5;5.7
2919;11;Quercus ilex;5.674236034;-0.797461869;7.75;3.6
2920;11;Quercus ilex;-10.33197415;-8.981448107;11.85;4.2
2921;11;Pinus pinea;-6.387646331;-12.5364618;50.45;13
2922;11;Pinus pinea;-4.583526075;-11.94049366;14.15;5.4
2923;11;Quercus faginea;-2.457984775;-4.434321915;9.3;3.7
2924;11;Pinus pinea;-0.04293292;-2.45962533;16.1;5.9
2925;11;Pinus pinea;0.915141621;-5.777976793;23.1;5.9
2926;11;Pinus pinea;2.047312015;-11.61088341;16.5;5.8
2927;11;Juniperus thurifera;2.135330448;-13.48194585;7.4;4.8
2928;11;Quercus faginea;4.130101358;-17.88943439;9.9;3.4
2929;11;Quercus faginea;5.698050398;-14.84392878;7.6;4.6
2930;11;Quercus faginea;8.52140168;-16.72419246;9.6;3
2931;11;Quercus faginea;7.967882242;-19.72120059;10.65;4.4
2932;11;Quercus faginea;10.09858439;-18.2183285;7.2;4
2933;15;Quercus faginea;15.74726802;-15.74726802;9.85;3.9
2934;15;Quercus faginea;-12.21410277;-5.438068918;9.45;4.7
2935;15;Quercus faginea;-13.5145131;-4.39113149;11.5;4.4
2936;15;Quercus faginea;-13.99166437;-3.488513735;6.45;3.7
2937;15;Quercus faginea;-15.5721098;-3.309954118;8.3;2.3
2938;15;Pinus pinea;-18.28497589;-4.899444524;40;10.7
2939;15;Quercus ilex;-18.74089154;-3.304524821;8.05;4.3
2940;15;Quercus ilex;-19.17438214;-2.015308772;9.5;4.1
2941;15;Quercus faginea;11.68491929;-6.477056527;7.6;4
2942;15;Pinus pinea;12.14101913;-5.405529987;22.45;6.9
2943;15;Quercus faginea;9.07685585;-1.437632734;11.95;3.3
2944;15;Quercus ilex;7.025717514;0.245343462;8.7;3.9
2945;15;Pinus pinea;11.58871112;6.423727468;24.3;8
2946;15;Quercus faginea;14.10950253;7.502155573;8.7;5.3
2947;15;Pinus pinea;15.38198015;6.214723385;24.65;9.1
2948;15;Pinus pinea;17.97857461;8.004577136;46.7;11.7
2949;15;Quercus ilex;0.944360606;-3.088864362;12.1;4.7
2950;15;Quercus ilex;2.442468889;-4.7936151;10.9;4.6
2951;15;Quercus ilex;1.349924177;-5.414250153;10.7;4.6
2952;15;Pinus pinea;-1.826778829;-10.36017756;27.45;7.9
2953;15;Pinus pinea;14.81837624;1.557474103;19.6;7
2954;15;Quercus faginea;13.35303214;4.860106237;10.05;3.4
2955;15;Quercus faginea;9.082589731;2.951112296;6.55;3.6
2956;15;Quercus ilex;14.34399852;-3.84346282;7.45;3.4
2957;15;Quercus ilex;15.9829318;-3.397277028;8.85;4.1
2958;15;Quercus faginea;14.9903308;-6.990106049;7.7;3.7
2959;15;Pinus pinea;-11.63039496;5.67252264;15.9;5.5
2960;15;Pinus pinea;-8.981043703;3.447499675;33.35;8.3
2961;15;Quercus ilex;-5.879946829;1.142945882;8.9;4.2
2962;15;Quercus ilex;-4.504195401;1.377070729;11.55;4.1
2963;16;Pinus pinea;-1.232465977;0.26196873;30.4;9.3
2964;16;Quercus faginea;-4.267398831;-0.149020851;7.05;4.3
2965;16;Quercus faginea;-4.75043638;-2.115030544;7.45;3.9
2966;16;Quercus faginea;-7.458914215;-0.783963475;9.05;4.5
2967;16;Quercus faginea;-10.07922802;-3.470556527;6.3;3.6
2968;16;Pinus pinea;2.966948064;3.937273065;13.85;5.3
2969;16;Pinus pinea;0.590107423;2.202310884;20.05;7.5
2970;16;Pinus pinea;-2.150786265;8.026843617;48.65;10.9
2971;16;Pinus pinea;4.014490667;9.016693667;36.3;8.7
2972;16;Quercus ilex;4.171402933;10.86687616;10.5;4.4
2973;16;Quercus ilex;0;12.2;9.4;4.1
2974;16;Quercus faginea;-4.840166053;10.87119095;9.2;4.8
2975;16;Pinus pinea;-3.814992725;14.23774668;18.3;6.9
2976;16;Quercus faginea;2.192036182;-3.249827284;10;5.4
2977;16;Quercus faginea;3.30546376;0.173232015;10.8;4.5
2978;16;Quercus faginea;8.488706932;0.148170931;9.2;3.8
2979;16;Pinus pinea;10.88006954;-1.143541388;21.4;7.1
2980;16;Pinus pinea;11.3301867;-4.577692572;24.55;7.8
2981;16;Quercus faginea;12.12708778;-7.577845479;9.05;3.7
2982;16;Quercus faginea;15.69629468;-4.205809483;11.6;5.9
2983;16;Pinus pinea;13.05564154;2.537759639;16.15;6.2
2984;16;Quercus ilex;13.54023834;6.31391683;7.85;2.9
2985;16;Pinus pinea;-1.075120923;-2.661017663;36.5;10.9
2986;16;Pinus pinea;0.823836761;-6.709611985;9.55;4
2987;16;Pinus pinea;-2.487586805;-7.656004956;37.75;10.4
2988;16;Quercus faginea;-4.999872144;-9.403391864;7.9;3.4
2989;16;Quercus faginea;-3.494087508;-9.102409158;7.4;3.7
2990;16;Quercus faginea;2.774540164;-10.35472486;13.1;6.1
2991;16;Quercus ilex;-0.58668607;-11.19463709;10.1;4.7
2992;16;Quercus faginea;2.661170973;-11.52679787;11.7;4.1
2993;16;Pinus pinea;7.31641444;-15.00087263;19.55;6.7
2994;16;Quercus ilex;5.68371568;-14.80658556;11.5;4.9
2995;16;Pinus pinea;1.141913475;-16.3301235;25.9;9.4
2996;16;Pinus pinea;2.498157162;-17.77531183;31.2;9.5
2997;16;Quercus ilex;-4.8493908;3.92695924;6.95;4.2
2998;16;Pinus pinea;-13.25250234;3.550997299;27.7;10.1
2999;16;Pinus pinea;-15.26144625;6.166024528;18.6;7.2
